CREATE DATABASE SCHOOL;
USE SCHOOL;



CREATE TABLE SUBJECT (
SUBJECT_ID INT(11) PRIMARY KEY AUTO_INCREMENT,
SUBJECT_NAME VARCHAR(255),
GRADE_ID INT(11),
USERID INT(11),
CREATIONDATE DATE
);

CREATE TABLE GRADE(
GRADE_ID INT(11) PRIMARY KEY,
GRADE_NAME VARCHAR(45)
);

CREATE TABLE USER_ROLES(
USER_ROLES_ID INT(11) PRIMARY KEY auto_increment,
ROLE_ID INT(11),
USERID INT(11)
);


CREATE TABLE ROLES_TYPE(
ROLE_ID INT(11) PRIMARY KEY,
ROLE_NAME VARCHAR(45)
);

CREATE TABLE USER(
USERID INT(11) PRIMARY KEY auto_increment,
FIRST_NAME VARCHAR(255),
LAST_NAME VARCHAR(255),
EMAIL VARCHAR(255),
PASSWORD VARCHAR(45),
ACTIVE INT(11),
CREATION_DATE DATE
);



CREATE TABLE TOPICS(
TOPIC_ID INT(11) PRIMARY KEY AUTO_INCREMENT,
TOPIC_NAME VARCHAR(255),
USERID INT(11),
SUBJECT_ID INT(11),
CREATIONDATE DATE
);



CREATE TABLE ADDITIONAL_MATERIAL (
ADDITIONAL_MATERIAL_ID INT(11) PRIMARY KEY auto_increment,
ADDITIONAL_MATERIAL_DESCRIPTION VARCHAR(255),
ADDITIONAL_MATERIAL_LINK VARCHAR(255),
RESOURCES_ID INT(11),
ACTIVITY INT(11),
USERID INT(11)
)
;



CREATE TABLE RESOURCES(
RESOURCES_ID INT(11) PRIMARY KEY auto_increment,
RESOURCES_TYPE_ID INT(11),
TOPIC_ID INT(11),
USERID INT(11),
CREATION_DATE DATE,
UPDATION_DATE DATE
);



CREATE TABLE TUTORIAL (
TUTORIAL_ID INT(11) PRIMARY KEY auto_increment,
TUTORIAL_NAME VARCHAR(255),
TUTORIAL_LINK VARCHAR(255),
TUTORIAL_DESCRIPTION VARCHAR(255),
TUTORIAL_ADDITIONAL_LINK VARCHAR(255),
RESOURCES_ID INT(11),
ACTIVITY INT(11),
USERID INT(11)
);




CREATE TABLE MINDMAP(
MINDMAP_ID INT(11) PRIMARY KEY auto_increment,
RESOURCES_ID INT(11),
MINDMAPCONTENT VARCHAR(255),
DESCRIPTION VARCHAR(255),
ACTIVITY INT(11),
USERID INT(11)
);



CREATE TABLE PHET(
PHET_ID INT(11) PRIMARY KEY auto_increment,
PHET_NAME VARCHAR(255),
PHET_LINK VARCHAR(255),
RESOURCES_ID VARCHAR(255),
ACTIVITY INT(11),
USERID INT(11)
);

create table resources_type(
resources_type_id int(11),
resources_type_name varchar(100));

##inserts statements------------------------


INSERT INTO SUBJECT(SUBJECT_NAME, GRADE_ID, USERID, CREATIONDATE) VALUES ('HINDI', '1', '1', '2014-05-21');
INSERT INTO SUBJECT(SUBJECT_NAME, GRADE_ID, USERID, CREATIONDATE) VALUES ('MATHEMATICS', '1', '1', '2014-05-22');
INSERT INTO SUBJECT(SUBJECT_NAME, GRADE_ID, USERID, CREATIONDATE) VALUES ('PHYSICS', '1', '1', '2014-05-26');
INSERT INTO SUBJECT(SUBJECT_NAME, GRADE_ID, USERID, CREATIONDATE) VALUES ('CHEMISTRY', '1', '1', '2014-05-27');
INSERT INTO SUBJECT(SUBJECT_NAME, GRADE_ID, USERID, CREATIONDATE) VALUES ('PHYSICS', '2', '1', '2014-05-28');
INSERT INTO SUBJECT(SUBJECT_NAME, GRADE_ID, USERID, CREATIONDATE) VALUES ('PHYSICS', '3', '1', '2014-05-29');
INSERT INTO SUBJECT(SUBJECT_NAME, GRADE_ID, USERID, CREATIONDATE) VALUES ('PHYSICS', '4', '1', '2014-06-02');
INSERT INTO SUBJECT(SUBJECT_NAME, GRADE_ID, USERID, CREATIONDATE) VALUES ('PHYSICS', '5', '1', '2014-06-04');
INSERT INTO SUBJECT(SUBJECT_NAME, GRADE_ID, USERID, CREATIONDATE) VALUES ('PHYSICS', '6', '1', '2014-06-06');
INSERT INTO SUBJECT(SUBJECT_NAME, GRADE_ID, USERID, CREATIONDATE) VALUES ('PHYSICS', '7', '1', '2014-06-08');
INSERT INTO SUBJECT(SUBJECT_NAME, GRADE_ID, USERID, CREATIONDATE) VALUES ('PHYSICS', '8', '1', '2014-06-10');



INSERT INTO GRADE VALUES('1','ONE');
INSERT INTO GRADE VALUES('2','TWO');
INSERT INTO GRADE VALUES('3','THREE');
INSERT INTO GRADE VALUES('4', 'FOUR');
INSERT INTO GRADE VALUES('5', 'FIVE');
INSERT INTO GRADE VALUES('6', 'SIX');
INSERT INTO GRADE VALUES('7', 'SEVEN');
INSERT INTO GRADE VALUES('8', 'EIGHT');

INSERT INTO TOPICS(TOPIC_NAME,USERID,SUBJECT_ID,CREATIONDATE) VALUES ('HINDI-GRAMMAR','1','1','2014-07-11');
INSERT INTO TOPICS(TOPIC_NAME,USERID,SUBJECT_ID,CREATIONDATE) VALUES ('HINDI-LITERATURE','1','1','2014-07-12');
INSERT INTO TOPICS(TOPIC_NAME,USERID,SUBJECT_ID,CREATIONDATE) VALUES ('HINDI-DICTIONARY','1','1','2014-07-13');
INSERT INTO TOPICS(TOPIC_NAME,USERID,SUBJECT_ID,CREATIONDATE) VALUES ('HINDI-PLAYWORK','1','1','2014-07-14');

INSERT INTO TOPICS(TOPIC_NAME,USERID,SUBJECT_ID,CREATIONDATE) VALUES ('NUMBER-PLAY','1','2','2014-07-15');
INSERT INTO TOPICS(TOPIC_NAME,USERID,SUBJECT_ID,CREATIONDATE) VALUES ('EVERYDAY-WORLD','1','3','2014-07-16');
INSERT INTO TOPICS(TOPIC_NAME,USERID,SUBJECT_ID,CREATIONDATE) VALUES ('COLORS','1','4','2014-07-17');

INSERT INTO TOPICS(TOPIC_NAME,USERID,SUBJECT_ID,CREATIONDATE) VALUES ('PHYSICS-II','1','5','2014-07-18');
INSERT INTO TOPICS(TOPIC_NAME,USERID,SUBJECT_ID,CREATIONDATE) VALUES ('PHYSICS-III','1','6','2014-07-19');
INSERT INTO TOPICS(TOPIC_NAME,USERID,SUBJECT_ID,CREATIONDATE) VALUES ('PHYSICS-IV','1','7','2014-07-20');
INSERT INTO TOPICS(TOPIC_NAME,USERID,SUBJECT_ID,CREATIONDATE) VALUES ('PHYSICS-V','1','8','2014-07-21');
INSERT INTO TOPICS(TOPIC_NAME,USERID,SUBJECT_ID,CREATIONDATE) VALUES ('PHYSICS-VI','1','9','2014-07-22');
INSERT INTO TOPICS(TOPIC_NAME,USERID,SUBJECT_ID,CREATIONDATE) VALUES ('PHYSICS-VII','1','10','2014-07-23');
INSERT INTO TOPICS(TOPIC_NAME,USERID,SUBJECT_ID,CREATIONDATE) VALUES ('PHYSICS-VIII','1','11','2014-07-24');

INSERT INTO TOPICS VALUES ('76','CLOUD COMP','774','4215','2011-06-24');
INSERT INTO TOPICS VALUES ('11','EDGE COMP','114','4256','2019-01-11');


insert into resources_type values('1','Additional Resources');
insert into resources_type values('2','Tutorial');
insert into resources_type values('3','Phet');
insert into resources_type values('4','Mindmap');















